Employee,Project Name,Project Duration (months),Role,Project Achievements
John,Speech Recognition System,6,Lead Developer,Implemented real-time speech-to-text functionality
Emily,Marketing Campaign Launch,4,Marketing Coordinator,Increased customer engagement by 20%
Michael,Financial Data Analysis,8,Financial Analyst,Identified cost-saving opportunities resulting in 15% reduction
Amanda,Employee Training Platform,5,Project Manager,Successfully launched a company-wide training platform
Daniel,IT Infrastructure Upgrade,7,Systems Engineer,Improved network reliability and reduced downtime by 25%
Sophia,Natural Language Processing,9,Research Scientist,Published two research papers on NLP advancements
David,Budget Optimization Tool,6,Financial Analyst,Developed a tool resulting in 10% budget reduction
Olivia,Social Media Analytics,4,Data Analyst,Improved social media campaign effectiveness by 15%
William,Supply Chain Optimization,8,Operations Manager,Streamlined supply chain processes reducing lead times by 20%
Isabella,Employee Wellness Program,3,Human Resources Coordinator,Increased employee satisfaction by 25%